<?xml version="1.0" encoding="utf-8" ?>
<dwsync>
<file name="404.php" server="ftp.cheatnwin.com/public_html/" local="131478973905275000" remote="131473512000000000" Dst="2" />
<file name="archive-portfolio.php" server="ftp.cheatnwin.com/public_html/" local="131478973914725000" remote="131473512000000000" Dst="2" />
<file name="archive.php" server="ftp.cheatnwin.com/public_html/" local="131478973916650000" remote="131473512000000000" Dst="2" />
<file name="author.php" server="ftp.cheatnwin.com/public_html/" local="131478973922000000" remote="131473512000000000" Dst="2" />
<file name="bbpress.php" server="ftp.cheatnwin.com/public_html/" local="131478973916400000" remote="131473512000000000" Dst="2" />
<file name="category.php" server="ftp.cheatnwin.com/public_html/" local="131478973917500000" remote="131473512000000000" Dst="2" />
<file name="comments.php" server="ftp.cheatnwin.com/public_html/" local="131478973918800000" remote="131473512000000000" Dst="2" />
<file name="footer.php" server="ftp.cheatnwin.com/public_html/" local="131478974389730000" remote="131473512000000000" Dst="2" />
<file name="functions.php" server="ftp.cheatnwin.com/public_html/" local="131478974392380000" remote="131473512000000000" Dst="2" />
<file name="header.php" server="ftp.cheatnwin.com/public_html/" local="131478974391930000" remote="131473512000000000" Dst="2" />
<file name="home.php" server="ftp.cheatnwin.com/public_html/" local="131478974394155000" remote="131473512000000000" Dst="2" />
<file name="index.php" server="ftp.cheatnwin.com/public_html/" local="131478974423480000" remote="131473512000000000" Dst="2" />
<file name="page.php" server="ftp.cheatnwin.com/public_html/" local="131478974471805000" remote="131473512000000000" Dst="2" />
<file name="search.php" server="ftp.cheatnwin.com/public_html/" local="131478974524965000" remote="131473512000000000" Dst="2" />
<file name="screenshot.png" server="ftp.cheatnwin.com/public_html/" local="131478976141160000" remote="131473512000000000" Dst="2" />
<file name="searchform.php" server="ftp.cheatnwin.com/public_html/" local="131478974527090000" remote="131473512000000000" Dst="2" />
<file name="sidebar.php" server="ftp.cheatnwin.com/public_html/" local="131478974527640000" remote="131473512000000000" Dst="2" />
<file name="single-portfolio.php" server="ftp.cheatnwin.com/public_html/" local="131478974527665000" remote="131473512000000000" Dst="2" />
<file name="single.php" server="ftp.cheatnwin.com/public_html/" local="131478974528215000" remote="131473512000000000" Dst="2" />
<file name="style.css" server="ftp.cheatnwin.com/public_html/" local="131478974529240000" remote="131473512000000000" Dst="2" />
<file name="tag.php" server="ftp.cheatnwin.com/public_html/" local="131478974531065000" remote="131473512000000000" Dst="2" />
<file name="taxonomy-portfolio-category.php" server="ftp.cheatnwin.com/public_html/" local="131478974531065000" remote="131473512000000000" Dst="2" />
<file name="taxonomy-portfolio-tag.php" server="ftp.cheatnwin.com/public_html/" local="131478974531715000" remote="131473512000000000" Dst="2" />
</dwsync>