<?xml version="1.0" encoding="utf-8" ?>
<dwsync>
<file name="no-aside-picture.png" server="ftp.cheatnwin.com/public_html/" local="131478974406155000" remote="131473512000000000" Dst="2" />
<file name="no-chat-picture.png" server="ftp.cheatnwin.com/public_html/" local="131478974408605000" remote="131473512000000000" Dst="2" />
<file name="no-audio-picture.png" server="ftp.cheatnwin.com/public_html/" local="131478974408055000" remote="131473512000000000" Dst="2" />
<file name="no-gallery-picture.png" server="ftp.cheatnwin.com/public_html/" local="131478974409130000" remote="131473512000000000" Dst="2" />
<file name="no-image-picture.png" server="ftp.cheatnwin.com/public_html/" local="131478974410755000" remote="131473512000000000" Dst="2" />
<file name="no-link-picture.png" server="ftp.cheatnwin.com/public_html/" local="131478974411305000" remote="131473512000000000" Dst="2" />
<file name="no-quote-picture.png" server="ftp.cheatnwin.com/public_html/" local="131478974411355000" remote="131473512000000000" Dst="2" />
<file name="no-status-picture.png" server="ftp.cheatnwin.com/public_html/" local="131478974413580000" remote="131473512000000000" Dst="2" />
<file name="no-standard-picture.png" server="ftp.cheatnwin.com/public_html/" local="131478974413055000" remote="131473512000000000" Dst="2" />
<file name="no-video-picture.png" server="ftp.cheatnwin.com/public_html/" local="131478974413580000" remote="131473512000000000" Dst="2" />
</dwsync>