<?xml version="1.0" encoding="utf-8" ?>
<dwsync>
<file name="cs-actions-config.php" server="ftp.cheatnwin.com/public_html/" local="131478973961025000" remote="131473512000000000" Dst="2" />
<file name="cs-customize-config.php" server="ftp.cheatnwin.com/public_html/" local="131478973961700000" remote="131473512000000000" Dst="2" />
<file name="cs-enqueue-config.php" server="ftp.cheatnwin.com/public_html/" local="131478973961650000" remote="131473512000000000" Dst="2" />
<file name="cs-filters-config.php" server="ftp.cheatnwin.com/public_html/" local="131478973962775000" remote="131473512000000000" Dst="2" />
<file name="cs-framework-config.php" server="ftp.cheatnwin.com/public_html/" local="131478973964425000" remote="131473512000000000" Dst="2" />
<file name="cs-front-end-functions.php" server="ftp.cheatnwin.com/public_html/" local="131478973965550000" remote="131473512000000000" Dst="2" />
<file name="cs-helper-functions.php" server="ftp.cheatnwin.com/public_html/" local="131478973964550000" remote="131473512000000000" Dst="2" />
<file name="cs-includes-config.php" server="ftp.cheatnwin.com/public_html/" local="131478973965100000" remote="131473512000000000" Dst="2" />
<file name="cs-metabox-config.php" server="ftp.cheatnwin.com/public_html/" local="131478973966750000" remote="131473512000000000" Dst="2" />
<file name="cs-post-formats-helper.php" server="ftp.cheatnwin.com/public_html/" local="131478973966750000" remote="131473512000000000" Dst="2" />
<file name="cs-widgets-config.php" server="ftp.cheatnwin.com/public_html/" local="131478973968825000" remote="131473512000000000" Dst="2" />
<file name="cs-shortcode-config.php" server="ftp.cheatnwin.com/public_html/" local="131478973973825000" remote="131473512000000000" Dst="2" />
</dwsync>