<?xml version="1.0" encoding="utf-8" ?>
<dwsync>
<file name="model1.png" server="ftp.cheatnwin.com/public_html/" local="131478973976800000" remote="131473512000000000" Dst="2" />
<file name="model10.png" server="ftp.cheatnwin.com/public_html/" local="131478973976675000" remote="131473512000000000" Dst="2" />
<file name="model2.png" server="ftp.cheatnwin.com/public_html/" local="131478973978700000" remote="131473512000000000" Dst="2" />
<file name="model3.png" server="ftp.cheatnwin.com/public_html/" local="131478973978935000" remote="131473512000000000" Dst="2" />
<file name="model4.png" server="ftp.cheatnwin.com/public_html/" local="131478973979010000" remote="131473512000000000" Dst="2" />
<file name="model5.png" server="ftp.cheatnwin.com/public_html/" local="131478973981035000" remote="131473512000000000" Dst="2" />
<file name="model6.png" server="ftp.cheatnwin.com/public_html/" local="131478973981135000" remote="131473512000000000" Dst="2" />
<file name="model7.png" server="ftp.cheatnwin.com/public_html/" local="131478973981235000" remote="131473512000000000" Dst="2" />
<file name="model8.png" server="ftp.cheatnwin.com/public_html/" local="131478973998195000" remote="131473512000000000" Dst="2" />
<file name="model9.png" server="ftp.cheatnwin.com/public_html/" local="131478973998370000" remote="131473512000000000" Dst="2" />
</dwsync>