<?xml version="1.0" encoding="utf-8" ?>
<dwsync>
<file name="content-aside.php" server="ftp.cheatnwin.com/public_html/" local="131478974472955000" remote="131473512000000000" Dst="2" />
<file name="content-audio.php" server="ftp.cheatnwin.com/public_html/" local="131478974473930000" remote="131473512000000000" Dst="2" />
<file name="content-chat.php" server="ftp.cheatnwin.com/public_html/" local="131478974473955000" remote="131473512000000000" Dst="2" />
<file name="content-gallery.php" server="ftp.cheatnwin.com/public_html/" local="131478974473980000" remote="131473512000000000" Dst="2" />
<file name="content-image.php" server="ftp.cheatnwin.com/public_html/" local="131478974475705000" remote="131473512000000000" Dst="2" />
<file name="content-link.php" server="ftp.cheatnwin.com/public_html/" local="131478974476180000" remote="131473512000000000" Dst="2" />
<file name="content-none.php" server="ftp.cheatnwin.com/public_html/" local="131478974476255000" remote="131473512000000000" Dst="2" />
<file name="content-status.php" server="ftp.cheatnwin.com/public_html/" local="131478974478330000" remote="131473512000000000" Dst="2" />
<file name="content-quote.php" server="ftp.cheatnwin.com/public_html/" local="131478974476180000" remote="131473512000000000" Dst="2" />
<file name="content-video.php" server="ftp.cheatnwin.com/public_html/" local="131478974478330000" remote="131473512000000000" Dst="2" />
<file name="content.php" server="ftp.cheatnwin.com/public_html/" local="131478974478455000" remote="131473512000000000" Dst="2" />
</dwsync>