<?xml version="1.0" encoding="utf-8" ?>
<dwsync>
<file name="cs_blockquote.php" server="ftp.cheatnwin.com/public_html/" local="131478974084680000" remote="131473512000000000" Dst="2" />
<file name="cs_alert.php" server="ftp.cheatnwin.com/public_html/" local="131478974084130000" remote="131473512000000000" Dst="2" />
<file name="cs_blog.php" server="ftp.cheatnwin.com/public_html/" local="131478974085280000" remote="131473512000000000" Dst="2" />
<file name="cs_border.php" server="ftp.cheatnwin.com/public_html/" local="131478974085305000" remote="131473512000000000" Dst="2" />
<file name="cs_button.php" server="ftp.cheatnwin.com/public_html/" local="131478974086355000" remote="131473512000000000" Dst="2" />
<file name="cs_carousel.php" server="ftp.cheatnwin.com/public_html/" local="131478974086855000" remote="131473512000000000" Dst="2" />
<file name="cs_clear.php" server="ftp.cheatnwin.com/public_html/" local="131478974087505000" remote="131473512000000000" Dst="2" />
<file name="cs_client.php" server="ftp.cheatnwin.com/public_html/" local="131478974087505000" remote="131473512000000000" Dst="2" />
<file name="cs_columns.php" server="ftp.cheatnwin.com/public_html/" local="131478974088555000" remote="131473512000000000" Dst="2" />
<file name="cs_contact_form.php" server="ftp.cheatnwin.com/public_html/" local="131478974089105000" remote="131473512000000000" Dst="2" />
<file name="cs_count.php" server="ftp.cheatnwin.com/public_html/" local="131478974089655000" remote="131473512000000000" Dst="2" />
<file name="cs_counter.php" server="ftp.cheatnwin.com/public_html/" local="131478974090730000" remote="131473512000000000" Dst="2" />
<file name="cs_countdown.php" server="ftp.cheatnwin.com/public_html/" local="131478974089680000" remote="131473512000000000" Dst="2" />
<file name="cs_cta.php" server="ftp.cheatnwin.com/public_html/" local="131478974091255000" remote="131473512000000000" Dst="2" />
<file name="cs_divider.php" server="ftp.cheatnwin.com/public_html/" local="131478974092330000" remote="131473512000000000" Dst="2" />
<file name="cs_divider_icon.php" server="ftp.cheatnwin.com/public_html/" local="131478974092355000" remote="131473512000000000" Dst="2" />
<file name="cs_dropcap.php" server="ftp.cheatnwin.com/public_html/" local="131478974092905000" remote="131473512000000000" Dst="2" />
<file name="cs_fa.php" server="ftp.cheatnwin.com/public_html/" local="131478974093455000" remote="131473512000000000" Dst="2" />
<file name="cs_fancybox.php" server="ftp.cheatnwin.com/public_html/" local="131478974094530000" remote="131473512000000000" Dst="2" />
<file name="cs_faq.php" server="ftp.cheatnwin.com/public_html/" local="131478974094555000" remote="131473512000000000" Dst="2" />
<file name="cs_gallery.php" server="ftp.cheatnwin.com/public_html/" local="131478974095205000" remote="131473512000000000" Dst="2" />
<file name="cs_gmap.php" server="ftp.cheatnwin.com/public_html/" local="131478974095605000" remote="131473512000000000" Dst="2" />
<file name="cs_helpers.php" server="ftp.cheatnwin.com/public_html/" local="131478974096855000" remote="131473512000000000" Dst="2" />
<file name="cs_highlight.php" server="ftp.cheatnwin.com/public_html/" local="131478974096805000" remote="131473512000000000" Dst="2" />
<file name="cs_icomoon.php" server="ftp.cheatnwin.com/public_html/" local="131478974097755000" remote="131473512000000000" Dst="2" />
<file name="cs_iconbox.php" server="ftp.cheatnwin.com/public_html/" local="131478974099080000" remote="131473512000000000" Dst="2" />
<file name="cs_icon.php" server="ftp.cheatnwin.com/public_html/" local="131478974097830000" remote="131473512000000000" Dst="2" />
<file name="cs_icon_list.php" server="ftp.cheatnwin.com/public_html/" local="131478974099055000" remote="131473512000000000" Dst="2" />
<file name="cs_modal.php" server="ftp.cheatnwin.com/public_html/" local="131478974099930000" remote="131473512000000000" Dst="2" />
<file name="cs_piechart.php" server="ftp.cheatnwin.com/public_html/" local="131478974100030000" remote="131473512000000000" Dst="2" />
<file name="cs_popover.php" server="ftp.cheatnwin.com/public_html/" local="131478974101230000" remote="131473512000000000" Dst="2" />
<file name="cs_portfolio.php" server="ftp.cheatnwin.com/public_html/" local="131478974101355000" remote="131473512000000000" Dst="2" />
<file name="cs_precode.php" server="ftp.cheatnwin.com/public_html/" local="131478974102155000" remote="131473512000000000" Dst="2" />
<file name="cs_pricing_table.php" server="ftp.cheatnwin.com/public_html/" local="131478974102305000" remote="131473512000000000" Dst="2" />
<file name="cs_progress.php" server="ftp.cheatnwin.com/public_html/" local="131478974103480000" remote="131473512000000000" Dst="2" />
<file name="cs_progress_icon.php" server="ftp.cheatnwin.com/public_html/" local="131478974103505000" remote="131473512000000000" Dst="2" />
<file name="cs_raw.php" server="ftp.cheatnwin.com/public_html/" local="131478974104430000" remote="131473512000000000" Dst="2" />
<file name="cs_recent.php" server="ftp.cheatnwin.com/public_html/" local="131478974104555000" remote="131473512000000000" Dst="2" />
<file name="cs_responsive_image.php" server="ftp.cheatnwin.com/public_html/" local="131478974105705000" remote="131473512000000000" Dst="2" />
<file name="cs_responsive_slider.php" server="ftp.cheatnwin.com/public_html/" local="131478974105705000" remote="131473512000000000" Dst="2" />
<file name="cs_responsive_video.php" server="ftp.cheatnwin.com/public_html/" local="131478974106705000" remote="131473512000000000" Dst="2" />
<file name="cs_social.php" server="ftp.cheatnwin.com/public_html/" local="131478974106730000" remote="131473512000000000" Dst="2" />
<file name="cs_space.php" server="ftp.cheatnwin.com/public_html/" local="131478974107855000" remote="131473512000000000" Dst="2" />
<file name="cs_start.php" server="ftp.cheatnwin.com/public_html/" local="131478974107855000" remote="131473512000000000" Dst="2" />
<file name="cs_tab.php" server="ftp.cheatnwin.com/public_html/" local="131478974108905000" remote="131473512000000000" Dst="2" />
<file name="cs_table.php" server="ftp.cheatnwin.com/public_html/" local="131478974108905000" remote="131473512000000000" Dst="2" />
<file name="cs_team.php" server="ftp.cheatnwin.com/public_html/" local="131478974110080000" remote="131473512000000000" Dst="2" />
<file name="cs_testimonial.php" server="ftp.cheatnwin.com/public_html/" local="131478974110080000" remote="131473512000000000" Dst="2" />
<file name="cs_widget_sidebar.php" server="ftp.cheatnwin.com/public_html/" local="131478974111155000" remote="131473512000000000" Dst="2" />
<file name="cs_tooltip.php" server="ftp.cheatnwin.com/public_html/" local="131478974111030000" remote="131473512000000000" Dst="2" />
<file name="vc_accordion.php" server="ftp.cheatnwin.com/public_html/" local="131478974112655000" remote="131473512000000000" Dst="2" />
<file name="vc_column.php" server="ftp.cheatnwin.com/public_html/" local="131478974112855000" remote="131473512000000000" Dst="2" />
<file name="vc_column_text.php" server="ftp.cheatnwin.com/public_html/" local="131478974113380000" remote="131473512000000000" Dst="2" />
<file name="vc_row.php" server="ftp.cheatnwin.com/public_html/" local="131478974113705000" remote="131473512000000000" Dst="2" />
<file name="vc_tab.php" server="ftp.cheatnwin.com/public_html/" local="131478974114980000" remote="131473512000000000" Dst="2" />
<file name="vc_toggle.php" server="ftp.cheatnwin.com/public_html/" local="131478974115055000" remote="131473512000000000" Dst="2" />
</dwsync>