<?xml version="1.0" encoding="utf-8" ?>
<dwsync>
<file name="cs-framework-abstract.class.php" server="ftp.cheatnwin.com/public_html/" local="131478973952800000" remote="131473512000000000" Dst="2" />
<file name="cs-framework-actions-api.php" server="ftp.cheatnwin.com/public_html/" local="131478973952800000" remote="131473512000000000" Dst="2" />
<file name="cs-framework-customize-api.php" server="ftp.cheatnwin.com/public_html/" local="131478973953400000" remote="131473512000000000" Dst="2" />
<file name="cs-framework-customize-helper.php" server="ftp.cheatnwin.com/public_html/" local="131478973954400000" remote="131473512000000000" Dst="2" />
<file name="cs-framework-enqueue-api.php" server="ftp.cheatnwin.com/public_html/" local="131478973955575000" remote="131473512000000000" Dst="2" />
<file name="cs-framework-helpers-api.php" server="ftp.cheatnwin.com/public_html/" local="131478973955575000" remote="131473512000000000" Dst="2" />
<file name="cs-framework-mega-menu-api.php" server="ftp.cheatnwin.com/public_html/" local="131478973955950000" remote="131473512000000000" Dst="2" />
<file name="cs-framework-metabox-api.php" server="ftp.cheatnwin.com/public_html/" local="131478973956625000" remote="131473512000000000" Dst="2" />
<file name="cs-framework-options-api.php" server="ftp.cheatnwin.com/public_html/" local="131478973957775000" remote="131473512000000000" Dst="2" />
<file name="cs-framework-post-types-api.php" server="ftp.cheatnwin.com/public_html/" local="131478973957775000" remote="131473512000000000" Dst="2" />
<file name="cs-framework-shortcodes-api.php" server="ftp.cheatnwin.com/public_html/" local="131478973958250000" remote="131473512000000000" Dst="2" />
<file name="cs-framework-sidebars-api.php" server="ftp.cheatnwin.com/public_html/" local="131478973958825000" remote="131473512000000000" Dst="2" />
<file name="cs-framework.class.php" server="ftp.cheatnwin.com/public_html/" local="131478973960500000" remote="131473512000000000" Dst="2" />
</dwsync>