<?xml version="1.0" encoding="utf-8" ?>
<dwsync>
<file name="ajax-loader.gif" server="ftp.cheatnwin.com/public_html/" local="131478974395680000" remote="131473512000000000" Dst="2" />
<file name="blank.gif" server="ftp.cheatnwin.com/public_html/" local="131478975973825000" remote="131473512000000000" Dst="2" />
<file name="fancybox_buttons.png" server="ftp.cheatnwin.com/public_html/" local="131478976009825000" remote="131473512000000000" Dst="2" />
<file name="fancybox_loading.gif" server="ftp.cheatnwin.com/public_html/" local="131478975963225000" remote="131473512000000000" Dst="2" />
<file name="fancybox_loading@2x.gif" server="ftp.cheatnwin.com/public_html/" local="131478975998175000" remote="131473512000000000" Dst="2" />
<file name="fancybox_overlay.png" server="ftp.cheatnwin.com/public_html/" local="131478975983975000" remote="131473512000000000" Dst="2" />
<file name="fancybox_sprite.png" server="ftp.cheatnwin.com/public_html/" local="131478975936875000" remote="131473512000000000" Dst="2" />
<file name="fancybox_sprite@2x.png" server="ftp.cheatnwin.com/public_html/" local="131478975991650000" remote="131473512000000000" Dst="2" />
</dwsync>